Symbol,SecurityID,ReportDate,Quantity,MarkPrice,PositionValue
Symbol,SecurityID,ReportDate,Quantity,MarkPrice,PositionValue
Symbol,SecurityID,ReportDate,Quantity,MarkPrice,PositionValue
Symbol,SecurityID,ReportDate,Quantity,MarkPrice,PositionValue
Symbol,SecurityID,ReportDate,Quantity,MarkPrice,PositionValue
Symbol,SecurityID,ReportDate,Quantity,MarkPrice,PositionValue
Symbol,SecurityID,ReportDate,Quantity,MarkPrice,PositionValue
Symbol,SecurityID,ReportDate,Quantity,MarkPrice,PositionValue
Symbol,SecurityID,ReportDate,Quantity,MarkPrice,PositionValue
Symbol,SecurityID,ReportDate,Quantity,MarkPrice,PositionValue
Symbol,SecurityID,ReportDate,Quantity,MarkPrice,PositionValue
Symbol,SecurityID,ReportDate,Quantity,MarkPrice,PositionValue
Symbol,SecurityID,ReportDate,Quantity,MarkPrice,PositionValue
Symbol,SecurityID,ReportDate,Quantity,MarkPrice,PositionValue
Symbol,SecurityID,ReportDate,Quantity,MarkPrice,PositionValue
Symbol,SecurityID,ReportDate,Quantity,MarkPrice,PositionValue
Symbol,SecurityID,ReportDate,Quantity,MarkPrice,PositionValue
Symbol,SecurityID,ReportDate,Quantity,MarkPrice,PositionValue
Symbol,SecurityID,ReportDate,Quantity,MarkPrice,PositionValue
Symbol,SecurityID,ReportDate,Quantity,MarkPrice,PositionValue
Symbol,SecurityID,ReportDate,Quantity,MarkPrice,PositionValue
Symbol,SecurityID,ReportDate,Quantity,MarkPrice,PositionValue
Symbol,SecurityID,ReportDate,Quantity,MarkPrice,PositionValue
Symbol,SecurityID,ReportDate,Quantity,MarkPrice,PositionValue
Symbol,SecurityID,ReportDate,Quantity,MarkPrice,PositionValue
Symbol,SecurityID,ReportDate,Quantity,MarkPrice,PositionValue
Symbol,SecurityID,ReportDate,Quantity,MarkPrice,PositionValue
Symbol,SecurityID,ReportDate,Quantity,MarkPrice,PositionValue
Symbol,SecurityID,ReportDate,Quantity,MarkPrice,PositionValue
Symbol,SecurityID,ReportDate,Quantity,MarkPrice,PositionValue
Symbol,SecurityID,ReportDate,Quantity,MarkPrice,PositionValue
Symbol,SecurityID,ReportDate,Quantity,MarkPrice,PositionValue
Symbol,SecurityID,ReportDate,Quantity,MarkPrice,PositionValue
Symbol,SecurityID,ReportDate,Quantity,MarkPrice,PositionValue
Symbol,SecurityID,ReportDate,Quantity,MarkPrice,PositionValue
Symbol,SecurityID,ReportDate,Quantity,MarkPrice,PositionValue
Symbol,SecurityID,ReportDate,Quantity,MarkPrice,PositionValue
Symbol,SecurityID,ReportDate,Quantity,MarkPrice,PositionValue
Symbol,SecurityID,ReportDate,Quantity,MarkPrice,PositionValue
Symbol,SecurityID,ReportDate,Quantity,MarkPrice,PositionValue
Symbol,SecurityID,ReportDate,Quantity,MarkPrice,PositionValue
Symbol,SecurityID,ReportDate,Quantity,MarkPrice,PositionValue
Symbol,SecurityID,ReportDate,Quantity,MarkPrice,PositionValue
Symbol,SecurityID,ReportDate,Quantity,MarkPrice,PositionValue
Symbol,SecurityID,ReportDate,Quantity,MarkPrice,PositionValue
Symbol,SecurityID,ReportDate,Quantity,MarkPrice,PositionValue
Symbol,SecurityID,ReportDate,Quantity,MarkPrice,PositionValue
Symbol,SecurityID,ReportDate,Quantity,MarkPrice,PositionValue
Symbol,SecurityID,ReportDate,Quantity,MarkPrice,PositionValue
Symbol,SecurityID,ReportDate,Quantity,MarkPrice,PositionValue
Symbol,SecurityID,ReportDate,Quantity,MarkPrice,PositionValue
Symbol,SecurityID,ReportDate,Quantity,MarkPrice,PositionValue
Symbol,SecurityID,ReportDate,Quantity,MarkPrice,PositionValue
Symbol,SecurityID,ReportDate,Quantity,MarkPrice,PositionValue
Symbol,SecurityID,ReportDate,Quantity,MarkPrice,PositionValue
Symbol,SecurityID,ReportDate,Quantity,MarkPrice,PositionValue
Symbol,SecurityID,ReportDate,Quantity,MarkPrice,PositionValue
Symbol,SecurityID,ReportDate,Quantity,MarkPrice,PositionValue
Symbol,SecurityID,ReportDate,Quantity,MarkPrice,PositionValue
Symbol,SecurityID,ReportDate,Quantity,MarkPrice,PositionValue
Symbol,SecurityID,ReportDate,Quantity,MarkPrice,PositionValue
Symbol,SecurityID,ReportDate,Quantity,MarkPrice,PositionValue
Symbol,SecurityID,ReportDate,Quantity,MarkPrice,PositionValue
Symbol,SecurityID,ReportDate,Quantity,MarkPrice,PositionValue
Symbol,SecurityID,ReportDate,Quantity,MarkPrice,PositionValue
Symbol,SecurityID,ReportDate,Quantity,MarkPrice,PositionValue
Symbol,SecurityID,ReportDate,Quantity,MarkPrice,PositionValue
Symbol,SecurityID,ReportDate,Quantity,MarkPrice,PositionValue
Symbol,SecurityID,ReportDate,Quantity,MarkPrice,PositionValue
Symbol,SecurityID,ReportDate,Quantity,MarkPrice,PositionValue
Symbol,SecurityID,ReportDate,Quantity,MarkPrice,PositionValue
Symbol,SecurityID,ReportDate,Quantity,MarkPrice,PositionValue
Symbol,SecurityID,ReportDate,Quantity,MarkPrice,PositionValue
Symbol,SecurityID,ReportDate,Quantity,MarkPrice,PositionValue
Symbol,SecurityID,ReportDate,Quantity,MarkPrice,PositionValue
Symbol,SecurityID,ReportDate,Quantity,MarkPrice,PositionValue
Symbol,SecurityID,ReportDate,Quantity,MarkPrice,PositionValue
Symbol,SecurityID,ReportDate,Quantity,MarkPrice,PositionValue
Symbol,SecurityID,ReportDate,Quantity,MarkPrice,PositionValue
Symbol,SecurityID,ReportDate,Quantity,MarkPrice,PositionValue
Symbol,SecurityID,ReportDate,Quantity,MarkPrice,PositionValue
Symbol,SecurityID,ReportDate,Quantity,MarkPrice,PositionValue
Symbol,SecurityID,ReportDate,Quantity,MarkPrice,PositionValue
Symbol,SecurityID,ReportDate,Quantity,MarkPrice,PositionValue
Symbol,SecurityID,ReportDate,Quantity,MarkPrice,PositionValue
Symbol,SecurityID,ReportDate,Quantity,MarkPrice,PositionValue
Symbol,SecurityID,ReportDate,Quantity,MarkPrice,PositionValue
Symbol,SecurityID,ReportDate,Quantity,MarkPrice,PositionValue
Symbol,SecurityID,ReportDate,Quantity,MarkPrice,PositionValue
Symbol,SecurityID,ReportDate,Quantity,MarkPrice,PositionValue
Symbol,SecurityID,ReportDate,Quantity,MarkPrice,PositionValue
Symbol,SecurityID,ReportDate,Quantity,MarkPrice,PositionValue
Symbol,SecurityID,ReportDate,Quantity,MarkPrice,PositionValue
Symbol,SecurityID,ReportDate,Quantity,MarkPrice,PositionValue
Symbol,SecurityID,ReportDate,Quantity,MarkPrice,PositionValue
Symbol,SecurityID,ReportDate,Quantity,MarkPrice,PositionValue
Symbol,SecurityID,ReportDate,Quantity,MarkPrice,PositionValue
Symbol,SecurityID,ReportDate,Quantity,MarkPrice,PositionValue
Symbol,SecurityID,ReportDate,Quantity,MarkPrice,PositionValue
Symbol,SecurityID,ReportDate,Quantity,MarkPrice,PositionValue
Symbol,SecurityID,ReportDate,Quantity,MarkPrice,PositionValue
Symbol,SecurityID,ReportDate,Quantity,MarkPrice,PositionValue
Symbol,SecurityID,ReportDate,Quantity,MarkPrice,PositionValue
Symbol,SecurityID,ReportDate,Quantity,MarkPrice,PositionValue
Symbol,SecurityID,ReportDate,Quantity,MarkPrice,PositionValue
Symbol,SecurityID,ReportDate,Quantity,MarkPrice,PositionValue
Symbol,SecurityID,ReportDate,Quantity,MarkPrice,PositionValue
Symbol,SecurityID,ReportDate,Quantity,MarkPrice,PositionValue
Symbol,SecurityID,ReportDate,Quantity,MarkPrice,PositionValue
Symbol,SecurityID,ReportDate,Quantity,MarkPrice,PositionValue
Symbol,SecurityID,ReportDate,Quantity,MarkPrice,PositionValue
Symbol,SecurityID,ReportDate,Quantity,MarkPrice,PositionValue
Symbol,SecurityID,ReportDate,Quantity,MarkPrice,PositionValue
Symbol,SecurityID,ReportDate,Quantity,MarkPrice,PositionValue
Symbol,SecurityID,ReportDate,Quantity,MarkPrice,PositionValue
Symbol,SecurityID,ReportDate,Quantity,MarkPrice,PositionValue
Symbol,SecurityID,ReportDate,Quantity,MarkPrice,PositionValue
Symbol,SecurityID,ReportDate,Quantity,MarkPrice,PositionValue
Symbol,SecurityID,ReportDate,Quantity,MarkPrice,PositionValue
Symbol,SecurityID,ReportDate,Quantity,MarkPrice,PositionValue
Symbol,SecurityID,ReportDate,Quantity,MarkPrice,PositionValue
Symbol,SecurityID,ReportDate,Quantity,MarkPrice,PositionValue
Symbol,SecurityID,ReportDate,Quantity,MarkPrice,PositionValue
Symbol,SecurityID,ReportDate,Quantity,MarkPrice,PositionValue
Symbol,SecurityID,ReportDate,Quantity,MarkPrice,PositionValue
Symbol,SecurityID,ReportDate,Quantity,MarkPrice,PositionValue
Symbol,SecurityID,ReportDate,Quantity,MarkPrice,PositionValue
Symbol,SecurityID,ReportDate,Quantity,MarkPrice,PositionValue
Symbol,SecurityID,ReportDate,Quantity,MarkPrice,PositionValue
Symbol,SecurityID,ReportDate,Quantity,MarkPrice,PositionValue
Symbol,SecurityID,ReportDate,Quantity,MarkPrice,PositionValue
Symbol,SecurityID,ReportDate,Quantity,MarkPrice,PositionValue
Symbol,SecurityID,ReportDate,Quantity,MarkPrice,PositionValue
Symbol,SecurityID,ReportDate,Quantity,MarkPrice,PositionValue
Symbol,SecurityID,ReportDate,Quantity,MarkPrice,PositionValue
Symbol,SecurityID,ReportDate,Quantity,MarkPrice,PositionValue
Symbol,SecurityID,ReportDate,Quantity,MarkPrice,PositionValue
Symbol,SecurityID,ReportDate,Quantity,MarkPrice,PositionValue
Symbol,SecurityID,ReportDate,Quantity,MarkPrice,PositionValue
Symbol,SecurityID,ReportDate,Quantity,MarkPrice,PositionValue
Symbol,SecurityID,ReportDate,Quantity,MarkPrice,PositionValue
Symbol,SecurityID,ReportDate,Quantity,MarkPrice,PositionValue
Symbol,SecurityID,ReportDate,Quantity,MarkPrice,PositionValue
Symbol,SecurityID,ReportDate,Quantity,MarkPrice,PositionValue
Symbol,SecurityID,ReportDate,Quantity,MarkPrice,PositionValue
Symbol,SecurityID,ReportDate,Quantity,MarkPrice,PositionValue
Symbol,SecurityID,ReportDate,Quantity,MarkPrice,PositionValue
Symbol,SecurityID,ReportDate,Quantity,MarkPrice,PositionValue
Symbol,SecurityID,ReportDate,Quantity,MarkPrice,PositionValue
Symbol,SecurityID,ReportDate,Quantity,MarkPrice,PositionValue
Symbol,SecurityID,ReportDate,Quantity,MarkPrice,PositionValue
Symbol,SecurityID,ReportDate,Quantity,MarkPrice,PositionValue
Symbol,SecurityID,ReportDate,Quantity,MarkPrice,PositionValue
Symbol,SecurityID,ReportDate,Quantity,MarkPrice,PositionValue
Symbol,SecurityID,ReportDate,Quantity,MarkPrice,PositionValue
Symbol,SecurityID,ReportDate,Quantity,MarkPrice,PositionValue
CMG,US1696561059,20231110,24,2120.58,50893.92
IWV,US4642876894,20231110,3442,250.78,863184.76
Symbol,SecurityID,ReportDate,Quantity,MarkPrice,PositionValue
CMG,US1696561059,20231113,24,2150.43,51610.32
IWV,US4642876894,20231113,3442,250.65,862737.3
Symbol,SecurityID,ReportDate,Quantity,MarkPrice,PositionValue
CMG,US1696561059,20231114,24,2166.02,51984.48
IWV,US4642876894,20231114,3442,256.33,882287.86
Symbol,SecurityID,ReportDate,Quantity,MarkPrice,PositionValue
CMG,US1696561059,20231115,24,2155.81,51739.44
IWV,US4642876894,20231115,3442,256.72,883630.24
Symbol,SecurityID,ReportDate,Quantity,MarkPrice,PositionValue
CMG,US1696561059,20231116,24,2173.1,52154.4
IWV,US4642876894,20231116,3442,256.67,883458.14
Symbol,SecurityID,ReportDate,Quantity,MarkPrice,PositionValue
CMG,US1696561059,20231117,24,2162.22,51893.28
IWV,US4642876894,20231117,3442,257.25,885454.5
KLAC,US4824801009,20231117,97,544.54,52820.38
Symbol,SecurityID,ReportDate,Quantity,MarkPrice,PositionValue
CMG,US1696561059,20231120,24,2186.69,52480.56
IWV,US4642876894,20231120,3442,259.22,892235.24
KLAC,US4824801009,20231120,97,557.75,54101.75
Symbol,SecurityID,ReportDate,Quantity,MarkPrice,PositionValue
CMG,US1696561059,20231121,24,2197.64,52743.36
IWV,US4642876894,20231121,3442,258.59,890066.78
KLAC,US4824801009,20231121,97,550.69,53416.93
Symbol,SecurityID,ReportDate,Quantity,MarkPrice,PositionValue
CMG,US1696561059,20231122,24,2218.93,53254.32
IWV,US4642876894,20231122,3442,259.75,894059.5
KLAC,US4824801009,20231122,97,554.17,53754.49
Symbol,SecurityID,ReportDate,Quantity,MarkPrice,PositionValue
CMG,US1696561059,20231123,24,2218.93,53254.32
IWV,US4642876894,20231123,3442,259.75,894059.5
KLAC,US4824801009,20231123,97,554.17,53754.49
Symbol,SecurityID,ReportDate,Quantity,MarkPrice,PositionValue
CMG,US1696561059,20231124,24,2219.67,53272.08
IWV,US4642876894,20231124,3442,259.92,894644.64
KLAC,US4824801009,20231124,97,555.64,53897.08
Symbol,SecurityID,ReportDate,Quantity,MarkPrice,PositionValue
CMG,US1696561059,20231127,24,2209.19,53020.56
IWV,US4642876894,20231127,3442,259.48,893130.16
KLAC,US4824801009,20231127,97,556.95,54024.15
Symbol,SecurityID,ReportDate,Quantity,MarkPrice,PositionValue
CMG,US1696561059,20231128,24,2206.67,52960.08
IWV,US4642876894,20231128,3442,259.57,893439.94
KLAC,US4824801009,20231128,97,547.14,53072.58
Symbol,SecurityID,ReportDate,Quantity,MarkPrice,PositionValue
CMG,US1696561059,20231129,24,2189.11,52538.64
IWV,US4642876894,20231129,3442,259.87,894472.54
KLAC,US4824801009,20231129,97,544.07,52774.79
Symbol,SecurityID,ReportDate,Quantity,MarkPrice,PositionValue
C,US1729674242,20231130,540,46.1,24894
CMG,US1696561059,20231130,24,2202.25,52854
IWV,US4642876894,20231130,3442,260.93,898121.06
KLAC,US4824801009,20231130,97,544.62,52828.14
MP,US5533681012,20231130,2470,15.87,39198.9
Symbol,SecurityID,ReportDate,Quantity,MarkPrice,PositionValue
C,US1729674242,20231201,540,47.23,25504.2
CMG,US1696561059,20231201,24,2233.83,53611.92
IWV,US4642876894,20231201,3442,263.04,905383.68
KLAC,US4824801009,20231201,97,549,53253
MP,US5533681012,20231201,2470,16.9,41743
Symbol,SecurityID,ReportDate,Quantity,MarkPrice,PositionValue
C,US1729674242,20231204,540,47.37,25579.8
CMG,US1696561059,20231204,24,2219.2,53260.8
IWV,US4642876894,20231204,3442,262.08,902079.36
KLAC,US4824801009,20231204,97,539.59,52340.23
MP,US5533681012,20231204,2470,16.92,41792.4
Symbol,SecurityID,ReportDate,Quantity,MarkPrice,PositionValue
C,US1729674242,20231205,540,46.7,25218
CMG,US1696561059,20231205,24,2226.25,53430
IWV,US4642876894,20231205,3442,261.71,900805.82
KLAC,US4824801009,20231205,97,537.23,52111.31
MP,US5533681012,20231205,2470,15.84,39124.8
Symbol,SecurityID,ReportDate,Quantity,MarkPrice,PositionValue
C,US1729674242,20231206,540,47.86,25844.4
CMG,US1696561059,20231206,24,2210.05,53041.2
IWV,US4642876894,20231206,3442,260.7,897329.4
KLAC,US4824801009,20231206,97,528.61,51275.17
MP,US5533681012,20231206,2470,16.24,40112.8
Symbol,SecurityID,ReportDate,Quantity,MarkPrice,PositionValue
AAPL,US0378331005,20231207,130,194.27,25255.1
C,US1729674242,20231207,540,48.5,26190
CMG,US1696561059,20231207,24,2226.25,53430
COKE,US1910981026,20231207,5,809.2,4046
DRI,US2371941053,20231207,246,161.09,39628.14
IWV,US4642876894,20231207,3259,262.69,856106.71
KLAC,US4824801009,20231207,97,541.23,52499.31
MP,US5533681012,20231207,2470,16.34,40359.8
MTN,US91879Q1094,20231207,166,216.93,36010.38
Symbol,SecurityID,ReportDate,Quantity,MarkPrice,PositionValue
AAPL,US0378331005,20231208,130,195.71,25442.3
C,US1729674242,20231208,540,48.89,26400.6
CMG,US1696561059,20231208,24,2242.95,53830.8
COKE,US1910981026,20231208,80,806.26,64500.8
DRI,US2371941053,20231208,246,158.95,39101.7
IWV,US4642876894,20231208,3259,263.8,859724.2
KLAC,US4824801009,20231208,97,534.43,51839.71
MP,US5533681012,20231208,2470,16.74,41347.8
MTN,US91879Q1094,20231208,166,225.87,37494.42
Symbol,SecurityID,ReportDate,Quantity,MarkPrice,PositionValue
AAPL,US0378331005,20231211,130,193.18,25113.4
C,US1729674242,20231211,540,48.15,26001
CMG,US1696561059,20231211,24,2295.48,55091.52
COKE,US1910981026,20231211,80,824.95,65996
DRI,US2371941053,20231211,246,161.2,39655.2
IWV,US4642876894,20231211,3259,264.91,863341.69
KLAC,US4824801009,20231211,97,559.21,54243.37
MP,US5533681012,20231211,2470,16.35,40384.5
MTN,US91879Q1094,20231211,166,229.76,38140.16
Symbol,SecurityID,ReportDate,Quantity,MarkPrice,PositionValue
AAPL,US0378331005,20231212,130,194.71,25312.3
BRLT,US1095041000,20231212,225,3.39,762.75
C,US1729674242,20231212,540,48.06,25952.4
CMG,US1696561059,20231212,24,2320.39,55689.36
COKE,US1910981026,20231212,80,840.98,67278.4
DRI,US2371941053,20231212,246,161.08,39625.68
IWV,US4642876894,20231212,3179,266.04,845741.16
KLAC,US4824801009,20231212,97,561.05,54421.85
MP,US5533681012,20231212,2470,15.6,38532
MTN,US91879Q1094,20231212,166,228.66,37957.56
Symbol,SecurityID,ReportDate,Quantity,MarkPrice,PositionValue
AAPL,US0378331005,20231213,130,197.96,25734.8
BRLT,US1095041000,20231213,6481,3.44,22294.64
C,US1729674242,20231213,540,49.34,26643.6
CMG,US1696561059,20231213,24,2340,56160
COKE,US1910981026,20231213,80,855.46,68436.8
DRI,US2371941053,20231213,246,162.46,39965.16
IWV,US4642876894,20231213,3179,270.2,858965.8
KLAC,US4824801009,20231213,97,570.7,55357.9
MP,US5533681012,20231213,2470,16.8,41496
MTN,US91879Q1094,20231213,166,229.62,38116.92
Symbol,SecurityID,ReportDate,Quantity,MarkPrice,PositionValue
AAPL,US0378331005,20231214,130,198.11,25754.3
BRLT,US1095041000,20231214,6481,3.53,22877.93
C,US1729674242,20231214,540,50.24,27129.6
CMG,US1696561059,20231214,24,2275.7,54616.8
COKE,US1910981026,20231214,80,859.72,68777.6
DRI,US2371941053,20231214,246,163.09,40120.14
IWV,US4642876894,20231214,3179,271.93,864465.47
KLAC,US4824801009,20231214,97,582.42,56494.74
MP,US5533681012,20231214,2470,18.5,45695
MTN,US91879Q1094,20231214,166,230.16,38206.56
Symbol,SecurityID,ReportDate,Quantity,MarkPrice,PositionValue
AAPL,US0378331005,20231215,130,197.57,25684.1
BRLT,US1095041000,20231215,6481,3.58,23201.98
C,US1729674242,20231215,540,49.83,26908.2
CMG,US1696561059,20231215,24,2271.47,54515.28
COKE,US1910981026,20231215,80,856,68480
DRI,US2371941053,20231215,246,162.49,39972.54
IWV,US4642876894,20231215,3179,270.86,861063.94
KLAC,US4824801009,20231215,97,585.13,56757.61
MP,US5533681012,20231215,2470,18.13,44781.1
MTN,US91879Q1094,20231215,166,226.88,37662.08
Symbol,SecurityID,ReportDate,Quantity,MarkPrice,PositionValue
AAPL,US0378331005,20231218,130,195.89,25465.7
BRLT,US1095041000,20231218,6481,3.57,23137.17
C,US1729674242,20231218,540,49.66,26816.4
CMG,US1696561059,20231218,24,2297.03,55128.72
COKE,US1910981026,20231218,80,868.74,69499.2
DRI,US2371941053,20231218,246,167.17,41123.82
IWV,US4642876894,20231218,3179,272.43,866054.97
KLAC,US4824801009,20231218,97,576.73,55942.81
MP,US5533681012,20231218,2470,17.93,44287.1
MTN,US91879Q1094,20231218,166,229.28,38060.48
Symbol,SecurityID,ReportDate,Quantity,MarkPrice,PositionValue
AAPL,US0378331005,20231219,130,196.94,25602.2
BRLT,US1095041000,20231219,6481,3.49,22618.69
C,US1729674242,20231219,540,50.93,27502.2
CMG,US1696561059,20231219,24,2327.03,55848.72
COKE,US1910981026,20231219,80,886.61,70928.8
DRI,US2371941053,20231219,246,165.46,40703.16
IWV,US4642876894,20231219,3179,274.46,872508.34
KLAC,US4824801009,20231219,97,578.11,56076.67
MP,US5533681012,20231219,2470,18.37,45373.9
MTN,US91879Q1094,20231219,166,229.74,38136.84
Symbol,SecurityID,ReportDate,Quantity,MarkPrice,PositionValue
AAPL,US0378331005,20231220,130,194.83,25327.9
BRLT,US1095041000,20231220,6481,3.42,22165.02
C,US1729674242,20231220,540,50.07,27037.8
CMG,US1696561059,20231220,24,2313.87,55532.88
COKE,US1910981026,20231220,80,877.01,70160.8
DRI,US2371941053,20231220,246,162.14,39886.44
IWV,US4642876894,20231220,3179,269.35,856263.65
KLAC,US4824801009,20231220,97,563.3,54640.1
MP,US5533681012,20231220,2470,18.16,44855.2
MTN,US91879Q1094,20231220,166,221.35,36744.1
Symbol,SecurityID,ReportDate,Quantity,MarkPrice,PositionValue
AAPL,US0378331005,20231221,130,194.68,25308.4
BRLT,US1095041000,20231221,6481,3.48,22553.88
C,US1729674242,20231221,540,50.6,27324
CMG,US1696561059,20231221,24,2307.1,55370.4
COKE,US1910981026,20231221,80,890.35,71228
DRI,US2371941053,20231221,246,162.21,39903.66
IWV,US4642876894,20231221,3179,272.27,865546.33
KLAC,US4824801009,20231221,97,580.45,56303.65
MP,US5533681012,20231221,2470,19.94,49251.8
MTN,US91879Q1094,20231221,166,223.5,37101
Symbol,SecurityID,ReportDate,Quantity,MarkPrice,PositionValue
AAPL,US0378331005,20231222,130,193.6,25168
BRLT,US1095041000,20231222,6481,3.31,21452.11
C,US1729674242,20231222,540,50.86,27464.4
CMG,US1696561059,20231222,24,2304.35,55304.4
COKE,US1910981026,20231222,80,910.1,72808
DRI,US2371941053,20231222,246,161.84,39812.64
IWV,US4642876894,20231222,3179,272.96,867739.84
KLAC,US4824801009,20231222,97,582.65,56517.05
MP,US5533681012,20231222,2470,20.09,49622.3
MTN,US91879Q1094,20231222,166,222.35,36910.1
Symbol,SecurityID,ReportDate,Quantity,MarkPrice,PositionValue
AAPL,US0378331005,20231225,130,193.6,25168
BRLT,US1095041000,20231225,6481,3.31,21452.11
C,US1729674242,20231225,540,50.86,27464.4
CMG,US1696561059,20231225,24,2304.35,55304.4
COKE,US1910981026,20231225,80,910.1,72808
DRI,US2371941053,20231225,246,161.84,39812.64
IWV,US4642876894,20231225,3179,272.96,867739.84
KLAC,US4824801009,20231225,97,582.65,56517.05
MP,US5533681012,20231225,2470,20.09,49622.3
MTN,US91879Q1094,20231225,166,222.35,36910.1
Symbol,SecurityID,ReportDate,Quantity,MarkPrice,PositionValue
AAPL,US0378331005,20231226,130,193.05,25096.5
BRLT,US1095041000,20231226,6481,3.26,21128.06
C,US1729674242,20231226,540,51.34,27723.6
CMG,US1696561059,20231226,24,2319.52,55668.48
COKE,US1910981026,20231226,80,929.39,74351.2
DRI,US2371941053,20231226,246,163.99,40341.54
IWV,US4642876894,20231226,3179,274.24,871808.96
KLAC,US4824801009,20231226,97,591.37,57362.89
MP,US5533681012,20231226,2470,20.64,50980.8
MTN,US91879Q1094,20231226,166,220.89,36667.74
Symbol,SecurityID,ReportDate,Quantity,MarkPrice,PositionValue
AAPL,US0378331005,20231227,130,193.15,25109.5
BRLT,US1095041000,20231227,6481,3.6,23331.6
C,US1729674242,20231227,540,51.46,27788.4
CMG,US1696561059,20231227,24,2307.44,55378.56
COKE,US1910981026,20231227,80,949,75920
DRI,US2371941053,20231227,246,163.55,40233.3
IWV,US4642876894,20231227,3179,274.87,873811.73
KLAC,US4824801009,20231227,97,591.47,57372.59
MP,US5533681012,20231227,2470,20.59,50857.3
MTN,US91879Q1094,20231227,166,217.32,36075.12
Symbol,SecurityID,ReportDate,Quantity,MarkPrice,PositionValue
AAPL,US0378331005,20231228,130,193.58,25165.4
BRLT,US1095041000,20231228,6481,3.46,22424.26
C,US1729674242,20231228,540,51.52,27820.8
CMG,US1696561059,20231228,24,2278.38,54681.12
COKE,US1910981026,20231228,80,933,74640
DRI,US2371941053,20231228,246,164.27,40410.42
IWV,US4642876894,20231228,3179,274.81,873620.99
KLAC,US4824801009,20231228,97,586.27,56868.19
MP,US5533681012,20231228,2470,20.47,50560.9
MTN,US91879Q1094,20231228,166,218.23,36226.18
Symbol,SecurityID,ReportDate,Quantity,MarkPrice,PositionValue
AAPL,US0378331005,20231229,130,192.53,25028.9
BRLT,US1095041000,20231229,6481,3.72,24109.32
C,US1729674242,20231229,540,51.44,27777.6
CMG,US1696561059,20231229,24,2286.96,54887.04
COKE,US1910981026,20231229,80,928.4,74272
DRI,US2371941053,20231229,246,164.3,40417.8
IWV,US4642876894,20231229,3179,273.74,870219.46
KLAC,US4824801009,20231229,97,581.3,56386.1
MP,US5533681012,20231229,2470,19.85,49029.5
MTN,US91879Q1094,20231229,166,213.47,35436.02
Symbol,SecurityID,ReportDate,Quantity,MarkPrice,PositionValue
AAPL,US0378331005,20240101,130,192.53,25028.9
BRLT,US1095041000,20240101,6481,3.72,24109.32
C,US1729674242,20240101,540,51.44,27777.6
CMG,US1696561059,20240101,24,2286.96,54887.04
COKE,US1910981026,20240101,80,928.4,74272
DRI,US2371941053,20240101,246,164.3,40417.8
IWV,US4642876894,20240101,3179,273.74,870219.46
KLAC,US4824801009,20240101,97,581.3,56386.1
MP,US5533681012,20240101,2470,19.85,49029.5
MTN,US91879Q1094,20240101,166,213.47,35436.02
Symbol,SecurityID,ReportDate,Quantity,MarkPrice,PositionValue
AAPL,US0378331005,20240102,130,185.64,24133.2
BRLT,US1095041000,20240102,6481,3.65,23655.65
C,US1729674242,20240102,540,53.04,28641.6
CMG,US1696561059,20240102,24,2244.75,53874
COKE,US1910981026,20240102,80,934.96,74796.8
DRI,US2371941053,20240102,246,162.28,39920.88
IWV,US4642876894,20240102,3179,272,864688
KLAC,US4824801009,20240102,97,560.39,54357.83
MP,US5533681012,20240102,2470,19.66,48560.2
MTN,US91879Q1094,20240102,166,210.95,35017.7
Symbol,SecurityID,ReportDate,Quantity,MarkPrice,PositionValue
AAPL,US0378331005,20240103,130,184.25,23952.5
BRLT,US1095041000,20240103,6481,3.29,21322.49
C,US1729674242,20240103,540,53.64,28965.6
CMG,US1696561059,20240103,24,2233.65,53607.6
COKE,US1910981026,20240103,80,924,73920
DRI,US2371941053,20240103,246,160.4,39458.4
IWV,US4642876894,20240103,3179,269.09,855437.11
KLAC,US4824801009,20240103,97,552.59,53601.23
MP,US5533681012,20240103,2470,18.76,46337.2
MTN,US91879Q1094,20240103,166,206.9,34345.4
Symbol,SecurityID,ReportDate,Quantity,MarkPrice,PositionValue
AAPL,US0378331005,20240104,130,181.91,23648.3
BRLT,US1095041000,20240104,6481,3.23,20933.63
C,US1729674242,20240104,540,53.77,29035.8
CMG,US1696561059,20240104,24,2220.47,53291.28
COKE,US1910981026,20240104,80,916,73280
DRI,US2371941053,20240104,246,161,39606
IWV,US4642876894,20240104,3179,268.36,853116.44
KLAC,US4824801009,20240104,97,546.44,53004.68
MP,US5533681012,20240104,2470,18.72,46238.4
MTN,US91879Q1094,20240104,166,209.78,34823.48
Symbol,SecurityID,ReportDate,Quantity,MarkPrice,PositionValue
AAPL,US0378331005,20240105,130,181.18,23553.4
BRLT,US1095041000,20240105,6481,3.24,20998.44
C,US1729674242,20240105,540,54.33,29338.2
CMG,US1696561059,20240105,24,2212.8,53107.2
COKE,US1910981026,20240105,80,907.12,72569.6
DRI,US2371941053,20240105,246,162.08,39871.68
IWV,US4642876894,20240105,3179,268.93,854928.47
KLAC,US4824801009,20240105,97,544.31,52798.07
MP,US5533681012,20240105,2470,18.34,45299.8
MTN,US91879Q1094,20240105,166,210.14,34883.24
Symbol,SecurityID,ReportDate,Quantity,MarkPrice,PositionValue
AAPL,US0378331005,20240108,130,185.56,24122.8
BRLT,US1095041000,20240108,6481,3.34,21646.54
C,US1729674242,20240108,540,54.01,29165.4
CMG,US1696561059,20240108,24,2236.39,53673.36
COKE,US1910981026,20240108,80,914.65,73172
DRI,US2371941053,20240108,246,163.95,40331.7
IWV,US4642876894,20240108,3179,272.82,867294.78
KLAC,US4824801009,20240108,97,562.36,54548.92
MP,US5533681012,20240108,2470,18.59,45917.3
MTN,US91879Q1094,20240108,166,213.8,35490.8
Symbol,SecurityID,ReportDate,Quantity,MarkPrice,PositionValue
AAPL,US0378331005,20240109,130,185.14,24068.2
BRLT,US1095041000,20240109,6481,3.24,20998.44
C,US1729674242,20240109,540,53.48,28879.2
CMG,US1696561059,20240109,24,2232,53568
COKE,US1910981026,20240109,80,913.95,73116
DRI,US2371941053,20240109,246,161.6,39753.6
IWV,US4642876894,20240109,3179,272.08,864942.32
KLAC,US4824801009,20240109,97,556.34,53964.98
MP,US5533681012,20240109,2470,18.03,44534.1
MTN,US91879Q1094,20240109,166,211.43,35097.38
Symbol,SecurityID,ReportDate,Quantity,MarkPrice,PositionValue
AAPL,US0378331005,20240110,130,186.19,24204.7
BRLT,US1095041000,20240110,6481,3.195,20706.8
C,US1729674242,20240110,540,53.02,28630.8
CMG,US1696561059,20240110,24,2245,53880
COKE,US1910981026,20240110,80,913.32,73065.6
DRI,US2371941053,20240110,246,161.04,39615.84
IWV,US4642876894,20240110,3179,273.51,869488.29
KLAC,US4824801009,20240110,97,556.09,53940.73
MP,US5533681012,20240110,2470,17.31,42755.7
MTN,US91879Q1094,20240110,166,214.78,35653.48
Symbol,SecurityID,ReportDate,Quantity,MarkPrice,PositionValue
AAPL,US0378331005,20240111,130,185.59,24126.7
BRLT,US1095041000,20240111,6481,3.05,19767.05
C,US1729674242,20240111,540,52.08,28123.2
CMG,US1696561059,20240111,24,2276.57,54637.68
COKE,US1910981026,20240111,80,910.96,72876.8
DRI,US2371941053,20240111,246,159.99,39357.54
IWV,US4642876894,20240111,3179,273.24,868629.96
KLAC,US4824801009,20240111,97,562.14,54527.58
MP,US5533681012,20240111,2470,17.49,43200.3
MTN,US91879Q1094,20240111,166,214.02,35527.32
Symbol,SecurityID,ReportDate,Quantity,MarkPrice,PositionValue
AAPL,US0378331005,20240112,130,185.92,24169.6
BRLT,US1095041000,20240112,6481,3.13,20285.53
C,US1729674242,20240112,540,52.62,28414.8
CMG,US1696561059,20240112,24,2271.9,54525.6
COKE,US1910981026,20240112,80,909.72,72777.6
DRI,US2371941053,20240112,246,157.13,38653.98
IWV,US4642876894,20240112,3179,273.45,869297.55
KLAC,US4824801009,20240112,97,560.61,54379.17
MP,US5533681012,20240112,2470,17.79,43941.3
MTN,US91879Q1094,20240112,166,216.52,35942.32
Symbol,SecurityID,ReportDate,Quantity,MarkPrice,PositionValue
AAPL,US0378331005,20240115,130,185.92,24169.6
BRLT,US1095041000,20240115,6481,3.13,20285.53
C,US1729674242,20240115,540,52.62,28414.8
CMG,US1696561059,20240115,24,2271.9,54525.6
COKE,US1910981026,20240115,80,909.72,72777.6
DRI,US2371941053,20240115,246,157.13,38653.98
IWV,US4642876894,20240115,3179,273.45,869297.55
KLAC,US4824801009,20240115,97,560.61,54379.17
MP,US5533681012,20240115,2470,17.79,43941.3
MTN,US91879Q1094,20240115,166,216.52,35942.32
Symbol,SecurityID,ReportDate,Quantity,MarkPrice,PositionValue
AAPL,US0378331005,20240116,130,183.63,23871.9
BRLT,US1095041000,20240116,6481,3.1,20091.1
C,US1729674242,20240116,540,51.87,28009.8
CMG,US1696561059,20240116,24,2289.97,54959.28
COKE,US1910981026,20240116,80,909.2,72736
DRI,US2371941053,20240116,246,157.17,38663.82
IWV,US4642876894,20240116,3179,272.25,865482.75
KLAC,US4824801009,20240116,97,566.81,54980.57
MP,US5533681012,20240116,2470,16.71,41273.7
MTN,US91879Q1094,20240116,166,211.84,35165.44
Symbol,SecurityID,ReportDate,Quantity,MarkPrice,PositionValue
AAPL,US0378331005,20240117,130,182.68,23748.4
BRLT,US1095041000,20240117,6481,3.08,19961.48
C,US1729674242,20240117,540,51.36,27734.4
CMG,US1696561059,20240117,24,2310.44,55450.56
COKE,US1910981026,20240117,80,893.1,71448
DRI,US2371941053,20240117,246,157.71,38796.66
IWV,US4642876894,20240117,3179,270.67,860459.93
KLAC,US4824801009,20240117,97,562.5,54562.5
MP,US5533681012,20240117,2470,16.04,39618.8
MTN,US91879Q1094,20240117,166,214.11,35542.26
Symbol,SecurityID,ReportDate,Quantity,MarkPrice,PositionValue
AAPL,US0378331005,20240118,130,188.63,24521.9
BRLT,US1095041000,20240118,6481,3.09,20026.29
C,US1729674242,20240118,540,51.11,27599.4
CMG,US1696561059,20240118,24,2322.82,55747.68
COKE,US1910981026,20240118,80,858.89,68711.2
DRI,US2371941053,20240118,246,159.92,39340.32
IWV,US4642876894,20240118,3179,272.92,867612.68
KLAC,US4824801009,20240118,97,590,57230
MP,US5533681012,20240118,2470,15.86,39174.2
MTN,US91879Q1094,20240118,166,222.08,36865.28
Symbol,SecurityID,ReportDate,Quantity,MarkPrice,PositionValue
AAPL,US0378331005,20240119,130,191.56,24902.8
BRLT,US1095041000,20240119,6481,3.05,19767.05
C,US1729674242,20240119,540,51.52,27820.8
CMG,US1696561059,20240119,24,2334.6,56030.4
COKE,US1910981026,20240119,80,858.64,68691.2
DRI,US2371941053,20240119,246,159.24,39173.04
IWV,US4642876894,20240119,3179,276.22,878103.38
KLAC,US4824801009,20240119,97,612.99,59460.03
MP,US5533681012,20240119,2470,15.8,39026
MTN,US91879Q1094,20240119,166,223.16,37044.56
Symbol,SecurityID,ReportDate,Quantity,MarkPrice,PositionValue
AAPL,US0378331005,20240122,130,193.89,25205.7
BRLT,US1095041000,20240122,6481,3.17,20544.77
C,US1729674242,20240122,540,52.84,28533.6
CMG,US1696561059,20240122,24,2325,55800
COKE,US1910981026,20240122,80,868.9,69512
DRI,US2371941053,20240122,246,161.59,39751.14
IWV,US4642876894,20240122,3179,277.48,882108.92
KLAC,US4824801009,20240122,97,623.1,60440.7
MP,US5533681012,20240122,2470,16.04,39618.8
MTN,US91879Q1094,20240122,166,224.19,37215.54
Symbol,SecurityID,ReportDate,Quantity,MarkPrice,PositionValue
AAPL,US0378331005,20240123,130,195.18,25373.4
BRLT,US1095041000,20240123,6481,3.16,20479.96
C,US1729674242,20240123,540,53.3,28782
CMG,US1696561059,20240123,24,2321.82,55723.68
COKE,US1910981026,20240123,80,864.12,69129.6
DRI,US2371941053,20240123,246,161.66,39768.36
IWV,US4642876894,20240123,3179,277.99,883730.21
KLAC,US4824801009,20240123,97,619.33,60075.01
MP,US5533681012,20240123,2470,16.16,39915.2
MTN,US91879Q1094,20240123,166,225.71,37467.86
Symbol,SecurityID,ReportDate,Quantity,MarkPrice,PositionValue
AAPL,US0378331005,20240124,130,194.5,25285
BRLT,US1095041000,20240124,6481,3.37,21840.97
C,US1729674242,20240124,540,53.26,28760.4
CMG,US1696561059,20240124,24,2334.8,56035.2
COKE,US1910981026,20240124,80,873.94,69915.2
DRI,US2371941053,20240124,246,161.66,39768.36
IWV,US4642876894,20240124,3179,277.94,883571.26
KLAC,US4824801009,20240124,97,638.45,61929.65
MP,US5533681012,20240124,2470,16.04,39618.8
MTN,US91879Q1094,20240124,166,224.51,37268.66
Symbol,SecurityID,ReportDate,Quantity,MarkPrice,PositionValue
AAPL,US0378331005,20240125,130,194.17,25242.1
BRLT,US1095041000,20240125,6481,3.27,21192.87
C,US1729674242,20240125,540,53.73,29014.2
CMG,US1696561059,20240125,24,2311.77,55482.48
COKE,US1910981026,20240125,80,840.09,67207.2
DRI,US2371941053,20240125,246,162.12,39881.52
IWV,US4642876894,20240125,3179,279.47,888435.13
KLAC,US4824801009,20240125,97,641.69,62243.93
MP,US5533681012,20240125,2470,15.8,39026
MTN,US91879Q1094,20240125,166,225.93,37504.38
Symbol,SecurityID,ReportDate,Quantity,MarkPrice,PositionValue
AAPL,US0378331005,20240126,130,192.42,25014.6
BRLT,US1095041000,20240126,6481,3.36,21776.16
C,US1729674242,20240126,540,53.67,28981.8
CMG,US1696561059,20240126,24,2326.25,55830
COKE,US1910981026,20240126,80,842.82,67425.6
DRI,US2371941053,20240126,246,160.99,39603.54
IWV,US4642876894,20240126,3179,279.17,887481.43
KLAC,US4824801009,20240126,97,599.37,58138.89
MP,US5533681012,20240126,2470,15.82,39075.4
MTN,US91879Q1094,20240126,166,228.08,37861.28
Symbol,SecurityID,ReportDate,Quantity,MarkPrice,PositionValue
AAPL,US0378331005,20240129,130,191.73,24924.9
BRLT,US1095041000,20240129,6481,3.19,20674.39
C,US1729674242,20240129,540,54.11,29219.4
CMG,US1696561059,20240129,24,2404.53,57708.72
COKE,US1910981026,20240129,80,858.79,68703.2
DRI,US2371941053,20240129,246,163.62,40250.52
IWV,US4642876894,20240129,3179,281.7,895524.3
KLAC,US4824801009,20240129,97,600.08,58207.76
MP,US5533681012,20240129,2470,16.3,40261
MTN,US91879Q1094,20240129,166,223.53,37105.98
Symbol,SecurityID,ReportDate,Quantity,MarkPrice,PositionValue
AAPL,US0378331005,20240130,130,188.04,24445.2
BRLT,US1095041000,20240130,6481,3.23,20933.63
C,US1729674242,20240130,540,57.09,30828.6
CMG,US1696561059,20240130,24,2419.28,58062.72
COKE,US1910981026,20240130,80,868.72,69497.6
DRI,US2371941053,20240130,246,163.79,40292.34
IWV,US4642876894,20240130,3179,281.39,894538.81
KLAC,US4824801009,20240130,97,595.35,57748.95
MP,US5533681012,20240130,2470,16.05,39643.5
MTN,US91879Q1094,20240130,166,220.95,36677.7
Symbol,SecurityID,ReportDate,Quantity,MarkPrice,PositionValue
AAPL,US0378331005,20240131,130,184.4,23972
BRLT,US1095041000,20240131,6481,3.19,20674.39
C,US1729674242,20240131,540,56.17,30331.8
CMG,US1696561059,20240131,24,2408.77,57810.48
COKE,US1910981026,20240131,80,861.39,68911.2
DRI,US2371941053,20240131,246,162.58,39994.68
IWV,US4642876894,20240131,3179,276.42,878739.18
KLAC,US4824801009,20240131,97,594.04,57621.88
MP,US5533681012,20240131,2470,15.81,39050.7
MTN,US91879Q1094,20240131,166,222,36852
Symbol,SecurityID,ReportDate,Quantity,MarkPrice,PositionValue
AAPL,US0378331005,20240201,130,186.86,24291.8
BRLT,US1095041000,20240201,6481,3.29,21322.49
C,US1729674242,20240201,540,56.06,30272.4
CMG,US1696561059,20240201,24,2442.02,58608.48
COKE,US1910981026,20240201,80,898.89,71911.2
DRI,US2371941053,20240201,246,167.23,41138.58
IWV,US4642876894,20240201,3202,280.01,896592.02
KLAC,US4824801009,20240201,97,599.1,58112.7
MP,US5533681012,20240201,2470,16.16,39915.2
MTN,US91879Q1094,20240201,166,222.05,36860.3
Symbol,SecurityID,ReportDate,Quantity,MarkPrice,PositionValue
AAPL,US0378331005,20240202,130,185.85,24160.5
BRLT,US1095041000,20240202,6481,3.23,20933.63
C,US1729674242,20240202,540,55.54,29991.6
CMG,US1696561059,20240202,24,2482.28,59574.72
COKE,US1910981026,20240202,80,909.51,72760.8
DRI,US2371941053,20240202,246,166.52,40963.92
IWV,US4642876894,20240202,3202,282.58,904821.16
KLAC,US4824801009,20240202,97,604.32,58619.04
MP,US5533681012,20240202,2470,17.19,42459.3
MTN,US91879Q1094,20240202,166,222.38,36915.08
Symbol,SecurityID,ReportDate,Quantity,MarkPrice,PositionValue
AAPL,US0378331005,20240205,130,187.68,24398.4
BRLT,US1095041000,20240205,6481,3.11,20155.91
C,US1729674242,20240205,540,54.5,29430
CMG,US1696561059,20240205,24,2470.85,59300.4
COKE,US1910981026,20240205,80,898.53,71882.4
DRI,US2371941053,20240205,246,164.51,40469.46
IWV,US4642876894,20240205,3202,281.23,900498.46
KLAC,US4824801009,20240205,97,614.88,59643.36
MP,US5533681012,20240205,2470,16.25,40137.5
MTN,US91879Q1094,20240205,166,220.13,36541.58
Symbol,SecurityID,ReportDate,Quantity,MarkPrice,PositionValue
AAPL,US0378331005,20240206,130,189.3,24609
BRLT,US1095041000,20240206,6481,3.17,20544.77
C,US1729674242,20240206,540,54.35,29349
CMG,US1696561059,20240206,24,2487.74,59705.76
COKE,US1910981026,20240206,80,877.01,70160.8
DRI,US2371941053,20240206,246,165.92,40816.32
IWV,US4642876894,20240206,3202,282.24,903732.48
KLAC,US4824801009,20240206,97,601.62,58357.14
MP,US5533681012,20240206,2470,16.7,41249
MTN,US91879Q1094,20240206,166,221.45,36760.7
Symbol,SecurityID,ReportDate,Quantity,MarkPrice,PositionValue
AAPL,US0378331005,20240207,130,189.41,24623.3
BRLT,US1095041000,20240207,6481,3.15,20415.15
C,US1729674242,20240207,540,54.54,29451.6
CMG,US1696561059,20240207,24,2666.99,64007.76
COKE,US1910981026,20240207,80,883.38,70670.4
DRI,US2371941053,20240207,246,166.04,40845.84
IWV,US4642876894,20240207,3202,284.65,911449.3
KLAC,US4824801009,20240207,97,608.9,59063.3
MP,US5533681012,20240207,2470,16.55,40878.5
MTN,US91879Q1094,20240207,166,221.25,36727.5
Symbol,SecurityID,ReportDate,Quantity,MarkPrice,PositionValue
AAPL,US0378331005,20240208,130,188.32,24481.6
BRLT,US1095041000,20240208,6481,3.01,19507.81
C,US1729674242,20240208,540,54.29,29316.6
CMG,US1696561059,20240208,24,2620.48,62891.52
COKE,US1910981026,20240208,80,879.14,70331.2
DRI,US2371941053,20240208,246,168.18,41372.28
IWV,US4642876894,20240208,3202,285.18,913146.36
KLAC,US4824801009,20240208,97,618.49,59993.53
MP,US5533681012,20240208,2470,16.43,40582.1
MTN,US91879Q1094,20240208,166,221.76,36812.16
Symbol,SecurityID,ReportDate,Quantity,MarkPrice,PositionValue
AAPL,US0378331005,20240209,130,188.85,24550.5
BRLT,US1095041000,20240209,6481,3.21,20804.01
C,US1729674242,20240209,540,53.99,29154.6
CMG,US1696561059,20240209,24,2638.35,63320.4
COKE,US1910981026,20240209,80,865,69200
DRI,US2371941053,20240209,246,167.66,41244.36
IWV,US4642876894,20240209,3202,287.12,919358.24
KLAC,US4824801009,20240209,97,649.8,63030.6
MP,US5533681012,20240209,2470,16.63,41076.1
MTN,US91879Q1094,20240209,166,224.06,37193.96
Symbol,SecurityID,ReportDate,Quantity,MarkPrice,PositionValue
AAPL,US0378331005,20240212,130,187.15,24329.5
BRLT,US1095041000,20240212,6481,3.13,20285.53
C,US1729674242,20240212,540,53.92,29116.8
CMG,US1696561059,20240212,24,2608.23,62597.52
COKE,US1910981026,20240212,80,854.68,68374.4
DRI,US2371941053,20240212,246,165.35,40676.1
IWV,US4642876894,20240212,3202,287.21,919646.42
KLAC,US4824801009,20240212,97,648.05,62860.85
MP,US5533681012,20240212,2470,17.1,42237
MTN,US91879Q1094,20240212,166,227.79,37813.14
Symbol,SecurityID,ReportDate,Quantity,MarkPrice,PositionValue
AAPL,US0378331005,20240213,130,185.04,24055.2
BRLT,US1095041000,20240213,6481,3.02,19572.62
C,US1729674242,20240213,540,52.76,28490.4
CMG,US1696561059,20240213,24,2599.14,62379.36
COKE,US1910981026,20240213,80,847.84,67827.2
DRI,US2371941053,20240213,246,162.29,39923.34
IWV,US4642876894,20240213,3202,282.76,905397.52
KLAC,US4824801009,20240213,97,641.07,62183.79
MP,US5533681012,20240213,2470,15.45,38161.5
MTN,US91879Q1094,20240213,166,222.58,36948.28
Symbol,SecurityID,ReportDate,Quantity,MarkPrice,PositionValue
AAPL,US0378331005,20240214,130,184.15,23939.5
BRLT,US1095041000,20240214,6481,3.18,20609.58
C,US1729674242,20240214,540,53.98,29149.2
CMG,US1696561059,20240214,24,2620.19,62884.56
COKE,US1910981026,20240214,80,848.4,67872
DRI,US2371941053,20240214,246,161.15,39642.9
IWV,US4642876894,20240214,3202,285.82,915195.64
KLAC,US4824801009,20240214,97,653.84,63422.48
MP,US5533681012,20240214,2470,15.88,39223.6
MTN,US91879Q1094,20240214,166,224.2,37217.2
Symbol,SecurityID,ReportDate,Quantity,MarkPrice,PositionValue
AAPL,US0378331005,20240215,130,183.86,23901.8
BRLT,US1095041000,20240215,6481,3.13,20285.53
C,US1729674242,20240215,540,55.21,29813.4
CMG,US1696561059,20240215,24,2618,62832
COKE,US1910981026,20240215,80,864.59,69167.2
DRI,US2371941053,20240215,246,162.38,39945.48
IWV,US4642876894,20240215,3202,288.11,922528.22
KLAC,US4824801009,20240215,97,652.38,63280.86
MP,US5533681012,20240215,2470,16.52,40804.4
MTN,US91879Q1094,20240215,166,228.07,37859.62
Symbol,SecurityID,ReportDate,Quantity,MarkPrice,PositionValue
AAPL,US0378331005,20240216,130,182.31,23700.3
BRLT,US1095041000,20240216,6481,3.07,19896.67
C,US1729674242,20240216,540,54.85,29619
CMG,US1696561059,20240216,24,2598.43,62362.32
COKE,US1910981026,20240216,80,846.07,67685.6
DRI,US2371941053,20240216,246,162.46,39965.16
IWV,US4642876894,20240216,3202,286.53,917469.06
KLAC,US4824801009,20240216,97,661.35,64150.95
MP,US5533681012,20240216,2470,16.55,40878.5
MTN,US91879Q1094,20240216,166,225.48,37429.68
Symbol,SecurityID,ReportDate,Quantity,MarkPrice,PositionValue
AAPL,US0378331005,20240219,130,182.31,23700.3
BRLT,US1095041000,20240219,6481,3.07,19896.67
C,US1729674242,20240219,540,54.85,29619
CMG,US1696561059,20240219,24,2598.43,62362.32
COKE,US1910981026,20240219,80,846.07,67685.6
DRI,US2371941053,20240219,246,162.46,39965.16
IWV,US4642876894,20240219,3202,286.53,917469.06
KLAC,US4824801009,20240219,97,661.35,64150.95
MP,US5533681012,20240219,2470,16.55,40878.5
MTN,US91879Q1094,20240219,166,225.48,37429.68
Symbol,SecurityID,ReportDate,Quantity,MarkPrice,PositionValue
AAPL,US0378331005,20240220,130,181.56,23602.8
BRLT,US1095041000,20240220,6481,3.11,20155.91
C,US1729674242,20240220,540,55.42,29926.8
CMG,US1696561059,20240220,24,2580.2,61924.8
COKE,US1910981026,20240220,80,836.47,66917.6
DRI,US2371941053,20240220,246,165.31,40666.26
IWV,US4642876894,20240220,3202,284.63,911385.26
KLAC,US4824801009,20240220,97,651.77,63221.69
MP,US5533681012,20240220,2470,16.21,40038.7
MTN,US91879Q1094,20240220,166,228.14,37871.24
Symbol,SecurityID,ReportDate,Quantity,MarkPrice,PositionValue
AAPL,US0378331005,20240221,130,182.32,23701.6
BRLT,US1095041000,20240221,6481,2.77,17952.37
C,US1729674242,20240221,540,55.33,29878.2
CMG,US1696561059,20240221,24,2569.48,61667.52
COKE,US1910981026,20240221,80,841.6,67328
DRI,US2371941053,20240221,246,166.44,40944.24
IWV,US4642876894,20240221,3202,284.8,911929.6
KLAC,US4824801009,20240221,97,651.92,63236.24
MP,US5533681012,20240221,2470,16.09,39742.3
MTN,US91879Q1094,20240221,166,230.26,38223.16
Symbol,SecurityID,ReportDate,Quantity,MarkPrice,PositionValue
AAPL,US0378331005,20240222,130,184.37,23968.1
BRLT,US1095041000,20240222,6481,2.86,18535.66
C,US1729674242,20240222,540,55.9,30186
CMG,US1696561059,20240222,24,2627.37,63056.88
COKE,US1910981026,20240222,80,813.63,65090.4
DRI,US2371941053,20240222,246,168.47,41443.62
IWV,US4642876894,20240222,3202,290.22,929284.44
KLAC,US4824801009,20240222,97,683.77,66325.69
MP,US5533681012,20240222,2470,15.66,38680.2
MTN,US91879Q1094,20240222,166,236.85,39317.1
Symbol,SecurityID,ReportDate,Quantity,MarkPrice,PositionValue
AAPL,US0378331005,20240223,130,182.52,23727.6
BRLT,US1095041000,20240223,6481,2.85,18470.85
C,US1729674242,20240223,540,55.93,30202.2
CMG,US1696561059,20240223,24,2646.72,63521.28
COKE,US1910981026,20240223,80,829.23,66338.4
DRI,US2371941053,20240223,246,169.51,41699.46
IWV,US4642876894,20240223,3202,290.5,930181
KLAC,US4824801009,20240223,97,668.82,64875.54
MP,US5533681012,20240223,2470,15,37050
MTN,US91879Q1094,20240223,166,234.98,39006.68
Symbol,SecurityID,ReportDate,Quantity,MarkPrice,PositionValue
AAPL,US0378331005,20240226,130,181.16,23550.8
BRLT,US1095041000,20240226,6481,2.88,18665.28
C,US1729674242,20240226,540,55.36,29894.4
CMG,US1696561059,20240226,24,2660.45,63850.8
COKE,US1910981026,20240226,80,847.96,67836.8
DRI,US2371941053,20240226,246,169.54,41706.84
IWV,US4642876894,20240226,3202,289.67,927523.34
KLAC,US4824801009,20240226,97,683.82,66330.54
MP,US5533681012,20240226,2470,14.71,36333.7
MTN,US91879Q1094,20240226,166,227.49,37763.34
Symbol,SecurityID,ReportDate,Quantity,MarkPrice,PositionValue
AAPL,US0378331005,20240227,130,182.63,23741.9
BRLT,US1095041000,20240227,6481,2.92,18924.52
C,US1729674242,20240227,540,55.71,30083.4
CMG,US1696561059,20240227,24,2645.24,63485.76
COKE,US1910981026,20240227,80,832.38,66590.4
DRI,US2371941053,20240227,246,169.53,41704.38
IWV,US4642876894,20240227,3202,290.41,929892.82
KLAC,US4824801009,20240227,97,677.58,65725.26
MP,US5533681012,20240227,2470,15.62,38581.4
MTN,US91879Q1094,20240227,166,229.04,38020.64
Symbol,SecurityID,ReportDate,Quantity,MarkPrice,PositionValue
AAPL,US0378331005,20240228,130,181.42,23584.6
BRLT,US1095041000,20240228,6481,2.92,18924.52
C,US1729674242,20240228,540,55.05,29727
CMG,US1696561059,20240228,24,2671.72,64121.28
COKE,US1910981026,20240228,80,832.87,66629.6
DRI,US2371941053,20240228,246,170.45,41930.7
IWV,US4642876894,20240228,3202,289.86,928131.72
KLAC,US4824801009,20240228,97,673,65281
MP,US5533681012,20240228,2470,15.23,37618.1
MTN,US91879Q1094,20240228,166,230.01,38181.66
Symbol,SecurityID,ReportDate,Quantity,MarkPrice,PositionValue
AAPL,US0378331005,20240229,130,180.75,23497.5
BRLT,US1095041000,20240229,6481,2.84,18406.04
C,US1729674242,20240229,540,55.49,29964.6
CMG,US1696561059,20240229,24,2688.77,64530.48
COKE,US1910981026,20240229,80,840.8,67264
DRI,US2371941053,20240229,246,170.71,41994.66
IWV,US4642876894,20240229,3202,291.38,932998.76
KLAC,US4824801009,20240229,97,682.3,66183.1
MP,US5533681012,20240229,2470,15.21,37568.7
MTN,US91879Q1094,20240229,166,230.31,38231.46
Symbol,SecurityID,ReportDate,Quantity,MarkPrice,PositionValue
AAPL,US0378331005,20240301,130,179.66,23355.8
BRLT,US1095041000,20240301,6481,2.71,17563.51
C,US1729674242,20240301,540,55.6,30024
CMG,US1696561059,20240301,24,2688.78,64530.72
COKE,US1910981026,20240301,80,830,66400
DRI,US2371941053,20240301,246,171.29,42137.34
IWV,US4642876894,20240301,3202,293.81,940779.62
KLAC,US4824801009,20240301,97,717.57,69604.29
MP,US5533681012,20240301,2470,15.47,38210.9
MTN,US91879Q1094,20240301,166,230.55,38271.3
Symbol,SecurityID,ReportDate,Quantity,MarkPrice,PositionValue
AAPL,US0378331005,20240304,130,175.1,22763
BRLT,US1095041000,20240304,6481,2.8,18146.8
C,US1729674242,20240304,540,56.14,30315.6
CMG,US1696561059,20240304,24,2720.3,65287.2
COKE,US1910981026,20240304,80,835.64,66851.2
DRI,US2371941053,20240304,246,174.05,42816.3
IWV,US4642876894,20240304,3202,293.55,939947.1
KLAC,US4824801009,20240304,97,717.81,69627.57
MP,US5533681012,20240304,2470,15.53,38359.1
MTN,US91879Q1094,20240304,166,217.93,36176.38
Symbol,SecurityID,ReportDate,Quantity,MarkPrice,PositionValue
AAPL,US0378331005,20240305,130,170.12,22115.6
BRLT,US1095041000,20240305,6481,2.88,18665.28
C,US1729674242,20240305,540,56.26,30380.4
CMG,US1696561059,20240305,24,2711.33,65071.92
COKE,US1910981026,20240305,80,823.99,65919.2
DRI,US2371941053,20240305,246,174.41,42904.86
IWV,US4642876894,20240305,3202,290.36,929732.72
KLAC,US4824801009,20240305,97,705.87,68469.39
MP,US5533681012,20240305,2470,14.27,35246.9
MTN,US91879Q1094,20240305,166,219.06,36363.96
Symbol,SecurityID,ReportDate,Quantity,MarkPrice,PositionValue
AAPL,US0378331005,20240306,130,169.12,21985.6
BRLT,US1095041000,20240306,6481,2.82,18276.42
C,US1729674242,20240306,540,57.29,30936.6
CMG,US1696561059,20240306,24,2690.14,64563.36
COKE,US1910981026,20240306,80,810.22,64817.6
DRI,US2371941053,20240306,246,175.89,43268.94
IWV,US4642876894,20240306,3202,292.25,935784.5
KLAC,US4824801009,20240306,97,715.46,69399.62
MP,US5533681012,20240306,2470,14.74,36407.8
MTN,US91879Q1094,20240306,166,228.71,37965.86
Symbol,SecurityID,ReportDate,Quantity,MarkPrice,PositionValue
AAPL,US0378331005,20240307,130,169,21970
BRLT,US1095041000,20240307,6481,2.8,18146.8
C,US1729674242,20240307,540,57.72,31168.8
CMG,US1696561059,20240307,24,2690.22,64565.28
COKE,US1910981026,20240307,80,822.79,65823.2
DRI,US2371941053,20240307,246,173.19,42604.74
IWV,US4642876894,20240307,3202,295.06,944782.12
KLAC,US4824801009,20240307,97,723.26,70156.22
MP,US5533681012,20240307,2470,15.27,37716.9
MTN,US91879Q1094,20240307,166,226.08,37529.28
Symbol,SecurityID,ReportDate,Quantity,MarkPrice,PositionValue
AAPL,US0378331005,20240308,130,170.73,22194.9
BRLT,US1095041000,20240308,6481,2.79,18081.99
C,US1729674242,20240308,540,57.51,31055.4
CMG,US1696561059,20240308,24,2686.12,64466.88
COKE,US1910981026,20240308,80,825.07,66005.6
DRI,US2371941053,20240308,246,171.57,42206.22
IWV,US4642876894,20240308,3202,293.24,938954.48
KLAC,US4824801009,20240308,97,699.21,67823.37
MP,US5533681012,20240308,2470,15.24,37642.8
MTN,US91879Q1094,20240308,166,223.76,37144.16
Symbol,SecurityID,ReportDate,Quantity,MarkPrice,PositionValue
AAPL,US0378331005,20240311,130,172.75,22457.5
BRLT,US1095041000,20240311,6481,2.77,17952.37
C,US1729674242,20240311,540,57.41,31001.4
CMG,US1696561059,20240311,24,2662.59,63902.16
COKE,US1910981026,20240311,80,825.95,66076
DRI,US2371941053,20240311,246,171.81,42265.26
IWV,US4642876894,20240311,3202,292.74,937353.48
KLAC,US4824801009,20240311,97,685.38,66481.86
MP,US5533681012,20240311,2470,15.34,37889.8
MTN,US91879Q1094,20240311,166,224.63,37288.58
Symbol,SecurityID,ReportDate,Quantity,MarkPrice,PositionValue
AAPL,US0378331005,20240312,130,173.23,22519.9
BRLT,US1095041000,20240312,6362,2.71,17241.02
C,US1729674242,20240312,540,57.45,31023
CMG,US1696561059,20240312,24,2719.82,65275.68
COKE,US1910981026,20240312,80,820.86,65668.8
DRI,US2371941053,20240312,246,172.32,42390.72
IWV,US4642876894,20240312,3202,295.56,946383.12
KLAC,US4824801009,20240312,97,698.4,67744.8
MP,US5533681012,20240312,2470,14.81,36580.7
MTN,US91879Q1094,20240312,166,226.25,37557.5
Symbol,SecurityID,ReportDate,Quantity,MarkPrice,PositionValue
AAPL,US0378331005,20240313,130,171.13,22246.9
BRLT,US1095041000,20240313,6362,2.56,16286.72
C,US1729674242,20240313,540,57.76,31190.4
CMG,US1696561059,20240313,24,2722.69,65344.56
COKE,US1910981026,20240313,80,839.99,67199.2
DRI,US2371941053,20240313,246,174.57,42944.22
IWV,US4642876894,20240313,3202,295.49,946158.98
KLAC,US4824801009,20240313,97,688.71,66804.87
MP,US5533681012,20240313,2470,14.05,34703.5
MTN,US91879Q1094,20240313,166,221.49,36767.34
Symbol,SecurityID,ReportDate,Quantity,MarkPrice,PositionValue
AAPL,US0378331005,20240314,130,173,22490
BRLT,US1095041000,20240314,6362,2.53,16095.86
C,US1729674242,20240314,540,57.09,30828.6
CMG,US1696561059,20240314,24,2748.52,65964.48
COKE,US1910981026,20240314,80,843.6,67488
DRI,US2371941053,20240314,246,171.77,42255.42
IWV,US4642876894,20240314,3202,294.32,942412.64
KLAC,US4824801009,20240314,97,692.33,67156.01
MP,US5533681012,20240314,2470,13.81,34110.7
MTN,US91879Q1094,20240314,166,220.81,36654.46
Symbol,SecurityID,ReportDate,Quantity,MarkPrice,PositionValue
AAPL,US0378331005,20240315,130,172.62,22440.6
C,US1729674242,20240315,540,57.61,31109.4
CMG,US1696561059,20240315,24,2756.39,66153.36
COKE,US1910981026,20240315,80,830.46,66436.8
DRI,US2371941053,20240315,246,171.96,42302.16
GEF,US3976241071,20240315,440,63.66,28010.4
IWV,US4642876894,20240315,3005,292.34,878481.7
KLAC,US4824801009,20240315,97,683.9,66338.3
MP,US5533681012,20240315,2470,13.9,34333
MTN,US91879Q1094,20240315,166,218.72,36307.52
NFLX,US64110L1061,20240315,78,605.88,47258.64
Symbol,SecurityID,ReportDate,Quantity,MarkPrice,PositionValue
AAPL,US0378331005,20240318,130,173.72,22583.6
C,US1729674242,20240318,540,58.63,31660.2
CMG,US1696561059,20240318,24,2773.53,66564.72
COKE,US1910981026,20240318,80,833.6,66688
DRI,US2371941053,20240318,246,172.87,42526.02
GEF,US3976241071,20240318,440,63,27720
IWV,US4642876894,20240318,2987,293.99,878148.13
KLAC,US4824801009,20240318,97,690.7,66997.9
MP,US5533681012,20240318,2470,13.05,32233.5
MTN,US91879Q1094,20240318,166,223.23,37056.18
NFLX,US64110L1061,20240318,78,618.39,48234.42
Symbol,SecurityID,ReportDate,Quantity,MarkPrice,PositionValue
AAPL,US0378331005,20240319,130,176.08,22890.4
C,US1729674242,20240319,540,58.86,31784.4
CMG,US1696561059,20240319,24,2797.56,67141.44
COKE,US1910981026,20240319,80,838.02,67041.6
DRI,US2371941053,20240319,246,174.09,42826.14
GEF,US3976241071,20240319,440,64.1,28204
IWV,US4642876894,20240319,2987,295.72,883315.64
KLAC,US4824801009,20240319,97,681.06,66062.82
MP,US5533681012,20240319,2470,13.08,32307.6
MTN,US91879Q1094,20240319,166,224.94,37340.04
NFLX,US64110L1061,20240319,78,620.74,48417.72
Symbol,SecurityID,ReportDate,Quantity,MarkPrice,PositionValue
AAPL,US0378331005,20240320,130,178.67,23227.1
C,US1729674242,20240320,540,60.13,32470.2
CMG,US1696561059,20240320,24,2895,69480
COKE,US1910981026,20240320,80,864.06,69124.8
DRI,US2371941053,20240320,246,174.58,42946.68
GEF,US3976241071,20240320,440,64.96,28582.4
IWV,US4642876894,20240320,2915,298.59,870389.85
KLAC,US4824801009,20240320,97,695.95,67507.15
MP,US5533681012,20240320,2470,13.82,34135.4
MTN,US91879Q1094,20240320,166,226.45,37590.7
NFLX,US64110L1061,20240320,78,627.69,48959.82
Symbol,SecurityID,ReportDate,Quantity,MarkPrice,PositionValue
AAPL,US0378331005,20240321,130,171.37,22278.1
C,US1729674242,20240321,540,61.33,33118.2
CMG,US1696561059,20240321,24,2904.98,69719.52
COKE,US1910981026,20240321,80,884.21,70736.8
DRI,US2371941053,20240321,246,163.24,40157.04
GEF,US3976241071,20240321,440,65.8,28952
IWV,US4642876894,20240321,2915,299.16,872051.4
KLAC,US4824801009,20240321,97,713.13,69173.61
MP,US5533681012,20240321,2470,14.22,35123.4
MTN,US91879Q1094,20240321,166,223.83,37155.78
NFLX,US64110L1061,20240321,78,622.71,48571.38
Symbol,SecurityID,ReportDate,Quantity,MarkPrice,PositionValue
AAPL,US0378331005,20240322,130,172.28,22396.4
C,US1729674242,20240322,540,60.82,32842.8
CMG,US1696561059,20240322,24,2882.04,69168.96
COKE,US1910981026,20240322,80,874.31,69944.8
DRI,US2371941053,20240322,246,165.11,40617.06
GEF,US3976241071,20240322,440,65.74,28925.6
IWV,US4642876894,20240322,2915,298.38,869777.7
KLAC,US4824801009,20240322,97,710.56,68924.32
MP,US5533681012,20240322,2470,13.66,33740.2
MTN,US91879Q1094,20240322,166,221.5,36769
NFLX,US64110L1061,20240322,78,628.01,48984.78
Symbol,SecurityID,ReportDate,Quantity,MarkPrice,PositionValue
AAPL,US0378331005,20240325,130,170.85,22210.5
C,US1729674242,20240325,540,60.95,32913
CMG,US1696561059,20240325,24,2903.44,69682.56
COKE,US1910981026,20240325,80,848.99,67919.2
DRI,US2371941053,20240325,246,162.7,40024.2
GEF,US3976241071,20240325,440,66.78,29383.2
IWV,US4642876894,20240325,2915,297.51,867241.65
KLAC,US4824801009,20240325,97,699.73,67873.81
MP,US5533681012,20240325,2470,13.82,34135.4
MTN,US91879Q1094,20240325,166,218.77,36315.82
NFLX,US64110L1061,20240325,78,627.46,48941.88
Symbol,SecurityID,ReportDate,Quantity,MarkPrice,PositionValue
AAPL,US0378331005,20240326,130,169.71,22062.3
C,US1729674242,20240326,540,61.66,33296.4
CMG,US1696561059,20240326,24,2955.53,70932.72
COKE,US1910981026,20240326,80,840,67200
DRI,US2371941053,20240326,246,163.5,40221
GEF,US3976241071,20240326,440,66.9,29436
IWV,US4642876894,20240326,2915,296.95,865609.25
KLAC,US4824801009,20240326,97,688.42,66776.74
MP,US5533681012,20240326,2470,13.66,33740.2
MTN,US91879Q1094,20240326,166,218.72,36307.52
NFLX,US64110L1061,20240326,78,629.24,49080.72
Symbol,SecurityID,ReportDate,Quantity,MarkPrice,PositionValue
AAPL,US0378331005,20240327,130,173.31,22530.3
C,US1729674242,20240327,540,62.75,33885
CMG,US1696561059,20240327,24,2923.46,70163.04
COKE,US1910981026,20240327,80,842.18,67374.4
DRI,US2371941053,20240327,246,166.97,41074.62
GEF,US3976241071,20240327,440,68.54,30157.6
IWV,US4642876894,20240327,2757,299.9,826824.3
KLAC,US4824801009,20240327,97,696.87,67596.39
MP,US5533681012,20240327,2470,14.53,35889.1
MTN,US91879Q1094,20240327,166,220.18,36549.88
NFLX,US64110L1061,20240327,78,613.53,47855.34
RSG,US7607591002,20240327,247,191.52,47305.44
Symbol,SecurityID,ReportDate,Quantity,MarkPrice,PositionValue
AAPL,US0378331005,20240328,130,171.48,22292.4
C,US1729674242,20240328,540,63.24,34149.6
CMG,US1696561059,20240328,24,2906.77,69762.48
COKE,US1910981026,20240328,80,846.41,67712.8
DRI,US2371941053,20240328,246,167.15,41118.9
GEF,US3976241071,20240328,440,69.05,30382
IWV,US4642876894,20240328,2757,300.08,827320.56
KLAC,US4824801009,20240328,97,698.57,67761.29
MP,US5533681012,20240328,2470,14.3,35321
MTN,US91879Q1094,20240328,166,222.83,36989.78
NFLX,US64110L1061,20240328,78,607.33,47371.74
RSG,US7607591002,20240328,247,191.44,47285.68
Symbol,SecurityID,ReportDate,Quantity,MarkPrice,PositionValue
AAPL,US0378331005,20240329,130,171.48,22292.4
C,US1729674242,20240329,540,63.24,34149.6
CMG,US1696561059,20240329,24,2906.77,69762.48
COKE,US1910981026,20240329,80,846.41,67712.8
DRI,US2371941053,20240329,246,167.15,41118.9
GEF,US3976241071,20240329,440,69.05,30382
IWV,US4642876894,20240329,2757,300.08,827320.56
KLAC,US4824801009,20240329,97,698.57,67761.29
MP,US5533681012,20240329,2470,14.3,35321
MTN,US91879Q1094,20240329,166,222.83,36989.78
NFLX,US64110L1061,20240329,78,607.33,47371.74
RSG,US7607591002,20240329,247,191.44,47285.68
Symbol,SecurityID,ReportDate,Quantity,MarkPrice,PositionValue
AAPL,US0378331005,20240401,130,170.03,22103.9
C,US1729674242,20240401,540,63.46,34268.4
CMG,US1696561059,20240401,24,2877,69048
COKE,US1910981026,20240401,80,836.21,66896.8
DRI,US2371941053,20240401,246,167.24,41141.04
GEF,US3976241071,20240401,440,68.29,30047.6
IWV,US4642876894,20240401,2429,299.12,726562.48
KLAC,US4824801009,20240401,97,710.88,68955.36
LULU,US5500211090,20240401,98,385.2,37749.6
MELI,US58733R1023,20240401,33,1528.95,50455.35
MP,US5533681012,20240401,2470,15.08,37247.6
MTN,US91879Q1094,20240401,166,222.1,36868.6
NFLX,US64110L1061,20240401,78,614.31,47916.18
RSG,US7607591002,20240401,247,189.83,46888.01
Symbol,SecurityID,ReportDate,Quantity,MarkPrice,PositionValue
AAPL,US0378331005,20240402,130,168.84,21949.2
C,US1729674242,20240402,540,62.84,33933.6
CMG,US1696561059,20240402,24,2901.94,69646.56
COKE,US1910981026,20240402,80,817.4,65392
DRI,US2371941053,20240402,246,163.98,40339.08
GEF,US3976241071,20240402,440,68.5,30140
IWV,US4642876894,20240402,2429,296.83,721000.07
KLAC,US4824801009,20240402,97,693.93,67311.21
LULU,US5500211090,20240402,98,378.06,37049.88
MELI,US58733R1023,20240402,33,1512.51,49912.83
MP,US5533681012,20240402,2470,14.67,36234.9
MTN,US91879Q1094,20240402,166,221.23,36724.18
NFLX,US64110L1061,20240402,78,614.21,47908.38
RSG,US7607591002,20240402,247,188.92,46663.24
Symbol,SecurityID,ReportDate,Quantity,MarkPrice,PositionValue
AAPL,US0378331005,20240403,130,169.65,22054.5
C,US1729674242,20240403,540,61.69,33312.6
CMG,US1696561059,20240403,24,2895.58,69493.92
COKE,US1910981026,20240403,80,812.17,64973.6
DRI,US2371941053,20240403,246,162.98,40093.08
GEF,US3976241071,20240403,440,68.75,30250
IWV,US4642876894,20240403,2429,297.43,722457.47
KLAC,US4824801009,20240403,97,697.53,67660.41
LULU,US5500211090,20240403,98,374.01,36652.98
MELI,US58733R1023,20240403,33,1504.98,49664.34
MP,US5533681012,20240403,2470,15.03,37124.1
MTN,US91879Q1094,20240403,166,227.6,37781.6
NFLX,US64110L1061,20240403,78,630.08,49146.24
RSG,US7607591002,20240403,247,189.24,46742.28
Symbol,SecurityID,ReportDate,Quantity,MarkPrice,PositionValue
AAPL,US0378331005,20240404,130,168.82,21946.6
C,US1729674242,20240404,540,60.91,32891.4
CMG,US1696561059,20240404,24,2856.03,68544.72
COKE,US1910981026,20240404,80,819.6,65568
DRI,US2371941053,20240404,246,158.51,38993.46
GEF,US3976241071,20240404,440,66.9,29436
IWV,US4642876894,20240404,2429,293.74,713494.46
KLAC,US4824801009,20240404,97,672.75,65256.75
LULU,US5500211090,20240404,98,357.56,35040.88
MELI,US58733R1023,20240404,33,1487.81,49097.73
MP,US5533681012,20240404,2470,14.74,36407.8
MTN,US91879Q1094,20240404,166,226.7,37632.2
NFLX,US64110L1061,20240404,78,617.14,48136.92
RSG,US7607591002,20240404,247,186.78,46134.66
Symbol,SecurityID,ReportDate,Quantity,MarkPrice,PositionValue
AAPL,US0378331005,20240405,130,169.58,22045.4
C,US1729674242,20240405,540,61.6,33264
CMG,US1696561059,20240405,24,2905.42,69730.08
COKE,US1910981026,20240405,80,830.11,66408.8
DRI,US2371941053,20240405,246,156.35,38462.1
GEF,US3976241071,20240405,440,65.41,28780.4
IWV,US4642876894,20240405,2429,296.79,720902.91
KLAC,US4824801009,20240405,97,682.84,66235.48
LULU,US5500211090,20240405,98,356.87,34973.26
MELI,US58733R1023,20240405,33,1501.72,49556.76
MP,US5533681012,20240405,2470,14.61,36086.7
MTN,US91879Q1094,20240405,166,228.98,38010.68
NFLX,US64110L1061,20240405,78,636.18,49622.04
RSG,US7607591002,20240405,247,188.4,46534.8
